{
  "affine": [
    [1.9456902236958669, -0.0008420232712460689, -0.0007076835158667412, -825.2485325705372],
    [0.001048892079971684, 1.944786034654561, -0.0015225576143318245, -56.30291292624925],
    [0.00025149574047681833, 0.005012565883601536, 1.9465935022425906, -86.32824402486736]
  ],
  "offset": [1500.0, 3500.0, 1900.0]
}
